{
  "best_metric": null,
  "best_model_checkpoint": null,
  "epoch": 2.9974695192086496,
  "eval_steps": 500,
  "global_step": 3258,
  "is_hyper_param_search": false,
  "is_local_process_zero": true,
  "is_world_process_zero": true,
  "log_history": [
    {
      "epoch": 0.09201748332183114,
      "grad_norm": 0.9722030758857727,
      "learning_rate": 1.226993865030675e-05,
      "loss": 2.3045,
      "step": 100
    },
    {
      "epoch": 0.18403496664366228,
      "grad_norm": 0.765108585357666,
      "learning_rate": 1.999294818611251e-05,
      "loss": 1.9982,
      "step": 200
    },
    {
      "epoch": 0.27605244996549344,
      "grad_norm": 0.8621563911437988,
      "learning_rate": 1.9903463936360417e-05,
      "loss": 1.8948,
      "step": 300
    },
    {
      "epoch": 0.36806993328732457,
      "grad_norm": 0.8503195643424988,
      "learning_rate": 1.9712028416538125e-05,
      "loss": 1.8446,
      "step": 400
    },
    {
      "epoch": 0.46008741660915575,
      "grad_norm": 0.9853272438049316,
      "learning_rate": 1.9420612360775416e-05,
      "loss": 1.8186,
      "step": 500
    },
    {
      "epoch": 0.5521048999309869,
      "grad_norm": 0.9650724530220032,
      "learning_rate": 1.903221575344086e-05,
      "loss": 1.7882,
      "step": 600
    },
    {
      "epoch": 0.644122383252818,
      "grad_norm": 0.91499263048172,
      "learning_rate": 1.855083694578441e-05,
      "loss": 1.7645,
      "step": 700
    },
    {
      "epoch": 0.7361398665746491,
      "grad_norm": 1.1933033466339111,
      "learning_rate": 1.7981431494885967e-05,
      "loss": 1.7658,
      "step": 800
    },
    {
      "epoch": 0.8281573498964804,
      "grad_norm": 1.0744045972824097,
      "learning_rate": 1.732986114864274e-05,
      "loss": 1.7514,
      "step": 900
    },
    {
      "epoch": 0.9201748332183115,
      "grad_norm": 1.1984773874282837,
      "learning_rate": 1.6602833501969648e-05,
      "loss": 1.7444,
      "step": 1000
    },
    {
      "epoch": 1.011962272831838,
      "grad_norm": 1.042440414428711,
      "learning_rate": 1.5807832945422423e-05,
      "loss": 1.7259,
      "step": 1100
    },
    {
      "epoch": 1.1039797561536693,
      "grad_norm": 1.0590957403182983,
      "learning_rate": 1.4953043617093297e-05,
      "loss": 1.7198,
      "step": 1200
    },
    {
      "epoch": 1.1959972394755003,
      "grad_norm": 1.1527496576309204,
      "learning_rate": 1.4047265150951313e-05,
      "loss": 1.697,
      "step": 1300
    },
    {
      "epoch": 1.2880147227973315,
      "grad_norm": 1.1232327222824097,
      "learning_rate": 1.309982208895662e-05,
      "loss": 1.7029,
      "step": 1400
    },
    {
      "epoch": 1.3800322061191626,
      "grad_norm": 1.0621616840362549,
      "learning_rate": 1.2120467889506225e-05,
      "loss": 1.7024,
      "step": 1500
    },
    {
      "epoch": 1.4720496894409938,
      "grad_norm": 1.2114057540893555,
      "learning_rate": 1.1119284520396865e-05,
      "loss": 1.685,
      "step": 1600
    },
    {
      "epoch": 1.564067172762825,
      "grad_norm": 1.2090460062026978,
      "learning_rate": 1.0106578669945858e-05,
      "loss": 1.7044,
      "step": 1700
    },
    {
      "epoch": 1.656084656084656,
      "grad_norm": 1.3092498779296875,
      "learning_rate": 9.092775644725176e-06,
      "loss": 1.6884,
      "step": 1800
    },
    {
      "epoch": 1.7481021394064873,
      "grad_norm": 1.1000876426696777,
      "learning_rate": 8.088312046179167e-06,
      "loss": 1.6766,
      "step": 1900
    },
    {
      "epoch": 1.8401196227283183,
      "grad_norm": 1.1686041355133057,
      "learning_rate": 7.103528330967142e-06,
      "loss": 1.6946,
      "step": 2000
    },
    {
      "epoch": 1.9321371060501495,
      "grad_norm": 1.2125500440597534,
      "learning_rate": 6.148562361069068e-06,
      "loss": 1.6944,
      "step": 2100
    },
    {
      "epoch": 2.023924545663676,
      "grad_norm": 1.2528812885284424,
      "learning_rate": 5.233245039503376e-06,
      "loss": 1.6969,
      "step": 2200
    },
    {
      "epoch": 2.1159420289855073,
      "grad_norm": 1.2132234573364258,
      "learning_rate": 4.36699910603572e-06,
      "loss": 1.6646,
      "step": 2300
    },
    {
      "epoch": 2.2079595123073386,
      "grad_norm": 1.161539077758789,
      "learning_rate": 3.558742134726824e-06,
      "loss": 1.691,
      "step": 2400
    },
    {
      "epoch": 2.2999769956291694,
      "grad_norm": 1.3850083351135254,
      "learning_rate": 2.8167947319117517e-06,
      "loss": 1.6697,
      "step": 2500
    },
    {
      "epoch": 2.3919944789510006,
      "grad_norm": 1.2446818351745605,
      "learning_rate": 2.1487948796671255e-06,
      "loss": 1.6683,
      "step": 2600
    },
    {
      "epoch": 2.484011962272832,
      "grad_norm": 1.0616754293441772,
      "learning_rate": 1.561619306557879e-06,
      "loss": 1.665,
      "step": 2700
    },
    {
      "epoch": 2.576029445594663,
      "grad_norm": 1.2409831285476685,
      "learning_rate": 1.0613126951130138e-06,
      "loss": 1.6869,
      "step": 2800
    },
    {
      "epoch": 2.6680469289164943,
      "grad_norm": 1.2286391258239746,
      "learning_rate": 6.530254548043169e-07,
      "loss": 1.6655,
      "step": 2900
    },
    {
      "epoch": 2.760064412238325,
      "grad_norm": 1.2629597187042236,
      "learning_rate": 3.409607011245486e-07,
      "loss": 1.6834,
      "step": 3000
    },
    {
      "epoch": 2.8520818955601563,
      "grad_norm": 1.3093615770339966,
      "learning_rate": 1.28330986589299e-07,
      "loss": 1.6697,
      "step": 3100
    },
    {
      "epoch": 2.9440993788819876,
      "grad_norm": 1.204662799835205,
      "learning_rate": 1.7325229095460638e-08,
      "loss": 1.6692,
      "step": 3200
    }
  ],
  "logging_steps": 100,
  "max_steps": 3258,
  "num_input_tokens_seen": 0,
  "num_train_epochs": 3,
  "save_steps": 500,
  "stateful_callbacks": {
    "TrainerControl": {
      "args": {
        "should_epoch_stop": false,
        "should_evaluate": false,
        "should_log": false,
        "should_save": true,
        "should_training_stop": true
      },
      "attributes": {}
    }
  },
  "total_flos": 8.64687912321024e+16,
  "train_batch_size": 8,
  "trial_name": null,
  "trial_params": null
}
